driverId,Full Name,podiums,wins,championships,pole_positions,average_position_diff,fastest_laps
1,Lewis Hamilton,199.0,104.0,7.0,107.0,-0.7906976744186046,68.0
2,Nick Heidfeld,13.0,0.0,1.0,1.0,0.6141304347826086,68.0
3,Nico Rosberg,57.0,23.0,3.0,30.0,-1.3495145631067962,20.0
4,Fernando Alonso,106.0,32.0,1.0,23.0,0.13520408163265307,60.0
5,Heikki Kovalainen,4.0,1.0,4.0,1.0,0.45535714285714285,2.0
6,Kazuki Nakajima,0.0,0.0,8.0,0.0,0.7222222222222222,0.0
7,Sébastien Bourdais,0.0,0.0,1.0,0.0,0.6666666666666666,0.0
8,Kimi Räikkönen,103.0,21.0,1.0,19.0,-0.9630681818181818,93.0
9,Robert Kubica,12.0,1.0,1.0,1.0,-1.0505050505050506,1.0
10,Timo Glock,3.0,0.0,2.0,0.0,1.768421052631579,1.0
11,Takuma Sato,1.0,0.0,3.0,0.0,1.0879120879120878,18.0
12,Nelson Piquet Jr.,1.0,0.0,4.0,0.0,0.2857142857142857,0.0
13,Felipe Massa,41.0,11.0,1.0,16.0,-0.6199261992619927,31.0
14,David Coulthard,62.0,13.0,1.0,6.0,-1.805668016194332,157.0
15,Jarno Trulli,11.0,1.0,1.0,4.0,-1.95703125,114.0
16,Adrian Sutil,0.0,0.0,4.0,0.0,0.2734375,1.0
17,Mark Webber,42.0,9.0,1.0,12.0,-1.5253456221198156,52.0
18,Jenson Button,50.0,15.0,1.0,8.0,0.3106796116504854,75.0
19,Anthony Davidson,0.0,0.0,1.0,0.0,1.0,2.0
20,Sebastian Vettel,122.0,53.0,2.0,57.0,-0.8266666666666667,39.0
21,Giancarlo Fisichella,19.0,3.0,3.0,4.0,0.33766233766233766,125.0
22,Rubens Barrichello,68.0,11.0,1.0,10.0,-1.450920245398773,187.0
23,Ralf Schumacher,27.0,6.0,3.0,5.0,-2.0388888888888888,116.0
24,Vitantonio Liuzzi,0.0,0.0,3.0,0.0,0.6419753086419753,0.0
25,Alexander Wurz,3.0,0.0,1.0,0.0,0.7391304347826086,52.0
26,Scott Speed,0.0,0.0,2.0,0.0,1.6428571428571428,0.0
27,Christijan Albers,0.0,0.0,1.0,0.0,2.608695652173913,0.0
28,Markus Winkelhock,0.0,0.0,1.0,0.0,5.0,0.0
29,Sakon Yamamoto,0.0,0.0,6.0,0.0,3.1904761904761907,0.0
30,Michael Schumacher,155.0,91.0,2.0,36.0,-2.012987012987013,216.0
31,Juan Pablo Montoya,30.0,7.0,3.0,2.0,-3.1578947368421053,53.0
32,Christian Klien,0.0,0.0,1.0,0.0,-0.5098039215686274,0.0
33,Tiago Monteiro,1.0,0.0,0.0,0.0,3.2432432432432434,0.0
34,Yuji Ide,0.0,0.0,0.0,0.0,3.5,0.0
35,Jacques Villeneuve,23.0,11.0,0.0,7.0,-1.1151515151515152,131.0
36,Franck Montagny,0.0,0.0,0.0,0.0,1.5714285714285714,0.0
37,Pedro de la Rosa,1.0,0.0,0.0,0.0,0.7850467289719626,64.0
38,Robert Doornbos,0.0,0.0,0.0,0.0,2.5454545454545454,0.0
39,Narain Karthikeyan,0.0,0.0,0.0,0.0,1.1041666666666667,0.0
40,Patrick Friesacher,0.0,0.0,0.0,0.0,1.8181818181818181,0.0
41,Ricardo Zonta,0.0,0.0,0.0,0.0,1.0,32.0
42,Antônio Pizzonia,0.0,0.0,0.0,0.0,0.05,11.0
43,Cristiano da Matta,0.0,0.0,0.0,0.0,-0.6785714285714286,16.0
44,Olivier Panis,5.0,1.0,0.0,0.0,0.26582278481012656,141.0
45,Giorgio Pantano,0.0,0.0,0.0,0.0,0.6428571428571429,0.0
46,Gianmaria Bruni,0.0,0.0,0.0,0.0,1.6666666666666667,0.0
47,Zsolt Baumgartner,0.0,0.0,0.0,0.0,3.45,2.0
48,Marc Gené,0.0,0.0,0.0,0.0,5.916666666666667,34.0
49,Heinz-Harald Frentzen,18.0,3.0,0.0,1.0,-2.2955974842767297,159.0
50,Jos Verstappen,2.0,0.0,0.0,0.0,2.0841121495327104,107.0
51,Justin Wilson,0.0,0.0,0.0,0.0,2.625,16.0
52,Ralph Firman,0.0,0.0,0.0,0.0,2.7857142857142856,14.0
53,Nicolas Kiesa,0.0,0.0,0.0,0.0,6.6,5.0
54,Luciano Burti,0.0,0.0,0.0,0.0,3.6666666666666665,15.0
55,Jean Alesi,32.0,1.0,0.0,1.0,-2.222772277227723,202.0
56,Eddie Irvine,26.0,4.0,0.0,0.0,-1.6938775510204083,147.0
57,Mika Häkkinen,51.0,20.0,0.0,10.0,-2.812121212121212,165.0
58,Tarso Marques,0.0,0.0,0.0,0.0,3.3846153846153846,26.0
59,Enrique Bernoldi,0.0,0.0,0.0,0.0,1.793103448275862,29.0
60,Gastón Mazzacane,0.0,0.0,0.0,0.0,7.0476190476190474,21.0
61,Tomáš Enge,0.0,0.0,0.0,0.0,5.0,3.0
62,Alex Yoong,0.0,0.0,0.0,0.0,4.0625,16.0
63,Mika Salo,2.0,0.0,0.0,0.0,2.5225225225225225,111.0
64,Pedro Diniz,0.0,0.0,0.0,0.0,2.474747474747475,99.0
65,Johnny Herbert,7.0,3.0,0.0,0.0,-0.03636363636363636,165.0
66,Allan McNish,0.0,0.0,0.0,0.0,0.4117647058823529,17.0
67,Sébastien Buemi,0.0,0.0,0.0,0.0,0.2,0.0
68,Toranosuke Takagi,0.0,0.0,0.0,0.0,3.4375,32.0
69,Luca Badoer,0.0,0.0,0.0,0.0,4.344827586206897,56.0
70,Alessandro Zanardi,0.0,0.0,0.0,0.0,-0.5227272727272727,44.0
71,Damon Hill,42.0,22.0,0.0,13.0,-4.131147540983607,122.0
72,Stéphane Sarrazin,0.0,0.0,0.0,0.0,2.0,1.0
73,Ricardo Rosset,0.0,0.0,0.0,0.0,3.2,30.0
74,Esteban Tuero,0.0,0.0,0.0,0.0,4.75,16.0
75,Shinji Nakano,0.0,0.0,0.0,0.0,4.484848484848484,33.0
76,Jan Magnussen,0.0,0.0,0.0,0.0,1.08,25.0
77,Gerhard Berger,48.0,10.0,0.0,4.0,-4.542857142857143,210.0
78,Nicola Larini,1.0,0.0,0.0,0.0,-8.906666666666666,75.0
79,Ukyo Katayama,0.0,0.0,0.0,0.0,0.5876288659793815,97.0
80,Vincenzo Sospiri,0.0,0.0,0.0,0.0,0.0,1.0
81,Gianni Morbidelli,1.0,0.0,0.0,0.0,-0.3142857142857143,70.0
82,Norberto Fontana,0.0,0.0,0.0,0.0,5.5,4.0
83,Pedro Lamy,0.0,0.0,0.0,0.0,5.34375,32.0
84,Martin Brundle,9.0,0.0,0.0,0.0,0.593939393939394,165.0
85,Andrea Montermini,0.0,0.0,0.0,0.0,1.7857142857142858,28.0
86,Giovanni Lavaggi,0.0,0.0,0.0,0.0,0.0,10.0
87,Mark Blundell,3.0,0.0,0.0,0.0,-0.873015873015873,63.0
88,Aguri Suzuki,1.0,0.0,0.0,0.0,-8.261363636363637,88.0
89,Taki Inoue,0.0,0.0,0.0,0.0,2.6666666666666665,18.0
90,Roberto Moreno,1.0,0.0,0.0,0.0,-11.77027027027027,74.0
91,Karl Wendlinger,0.0,0.0,0.0,0.0,-1.0,42.0
92,Bertrand Gachot,0.0,0.0,0.0,0.0,-12.107142857142858,84.0
93,Domenico Schiattarella,0.0,0.0,0.0,0.0,4.428571428571429,7.0
94,Pierluigi Martini,0.0,0.0,0.0,0.0,0.22764227642276422,123.0
95,Nigel Mansell,59.0,31.0,0.0,1.0,-4.96875,192.0
96,Jean-Christophe Boullion,0.0,0.0,0.0,0.0,2.8181818181818183,11.0
97,Massimiliano Papis,0.0,0.0,0.0,0.0,0.42857142857142855,7.0
98,Jean-Denis Délétraz,0.0,0.0,0.0,0.0,7.666666666666667,3.0
99,Gabriele Tarquini,0.0,0.0,0.0,0.0,-13.73076923076923,78.0
100,Érik Comas,0.0,0.0,0.0,0.0,2.1904761904761907,63.0
101,David Brabham,0.0,0.0,0.0,0.0,-0.26666666666666666,30.0
102,Ayrton Senna,80.0,41.0,0.0,3.0,-5.12962962962963,162.0
103,Éric Bernard,1.0,0.0,0.0,0.0,1.553191489361702,47.0
104,Christian Fittipaldi,0.0,0.0,0.0,0.0,4.0,43.0
105,Michele Alboreto,23.0,5.0,0.0,0.0,-2.390697674418605,215.0
106,Olivier Beretta,0.0,0.0,0.0,0.0,5.5,10.0
107,Roland Ratzenberger,0.0,0.0,0.0,0.0,-3.6666666666666665,3.0
108,Paul Belmondo,0.0,0.0,0.0,0.0,-17.51851851851852,27.0
109,Jyrki Järvilehto,1.0,0.0,0.0,0.0,-1.6,70.0
110,Andrea de Cesaris,5.0,0.0,0.0,0.0,-1.9813084112149533,214.0
111,Jean-Marc Gounon,0.0,0.0,0.0,0.0,8.555555555555555,9.0
112,Philippe Alliot,0.0,0.0,0.0,0.0,0.6086956521739131,115.0
113,Philippe Adams,0.0,0.0,0.0,0.0,7.0,2.0
114,Yannick Dalmas,0.0,0.0,0.0,0.0,-13.06,50.0
115,Hideki Noda,0.0,0.0,0.0,0.0,-1.3333333333333333,3.0
116,Franck Lagorce,0.0,0.0,0.0,0.0,5.0,2.0
117,Alain Prost,106.0,51.0,0.0,0.0,-3.366336633663366,202.0
118,Derek Warwick,4.0,0.0,0.0,0.0,-4.234567901234568,162.0
119,Riccardo Patrese,37.0,6.0,0.0,0.0,-3.4474708171206228,257.0
120,Fabrizio Barbazza,0.0,0.0,0.0,0.0,-15.25,20.0
121,Michael Andretti,1.0,0.0,0.0,0.0,-5.6923076923076925,13.0
122,Ivan Capelli,3.0,0.0,0.0,0.0,-2.1020408163265305,98.0
123,Thierry Boutsen,15.0,3.0,0.0,0.0,0.5060975609756098,164.0
124,Marco Apicella,0.0,0.0,0.0,0.0,-3.0,1.0
125,Emanuele Naspetti,0.0,0.0,0.0,0.0,7.333333333333333,6.0
126,Toshio Suzuki,0.0,0.0,0.0,0.0,10.5,2.0
127,Maurício Gugelmin,1.0,0.0,0.0,0.0,-1.225,80.0
128,Eric van de Poele,0.0,0.0,0.0,0.0,-24.06896551724138,29.0
129,Olivier Grouillard,0.0,0.0,0.0,0.0,-8.435483870967742,62.0
130,Andrea Chiesa,0.0,0.0,0.0,0.0,-19.3,10.0
131,Stefano Modena,2.0,0.0,0.0,0.0,-4.222222222222222,81.0
132,Giovanna Amati,0.0,0.0,0.0,0.0,-30.0,3.0
133,Alex Caffi,0.0,0.0,0.0,0.0,-4.2,75.0
134,Enrico Bertaggia,0.0,0.0,0.0,0.0,-38.833333333333336,6.0
135,Perry McCarthy,0.0,0.0,0.0,0.0,-31.428571428571427,7.0
136,Jan Lammers,0.0,0.0,0.0,0.0,-8.463414634146341,41.0
137,Nelson Piquet,60.0,23.0,0.0,0.0,-3.420289855072464,207.0
138,Satoru Nakajima,0.0,0.0,0.0,0.0,-1.95,80.0
139,Emanuele Pirro,0.0,0.0,0.0,0.0,-2.525,40.0
140,Stefan Johansson,12.0,0.0,0.0,0.0,-4.844660194174757,103.0
141,Julian Bailey,0.0,0.0,0.0,0.0,-15.45,20.0
142,Pedro Chaves,0.0,0.0,0.0,0.0,-33.61538461538461,13.0
143,Michael Bartels,0.0,0.0,0.0,0.0,-28.75,4.0
144,Naoki Hattori,0.0,0.0,0.0,0.0,-32.0,2.0
145,Alessandro Nannini,9.0,1.0,0.0,0.0,-2.2857142857142856,77.0
146,Bernd Schneider,0.0,0.0,0.0,0.0,-22.59375,32.0
147,Paolo Barilla,0.0,0.0,0.0,0.0,-8.8,15.0
148,Gregor Foitek,0.0,0.0,0.0,0.0,-20.454545454545453,22.0
149,Claudio Langes,0.0,0.0,0.0,0.0,-33.0,14.0
150,Gary Brabham,0.0,0.0,0.0,0.0,-34.5,2.0
151,Martin Donnelly,0.0,0.0,0.0,0.0,-2.6,15.0
152,Bruno Giacomelli,1.0,0.0,0.0,0.0,-7.2073170731707314,82.0
153,Jaime Alguersuari,0.0,0.0,0.0,0.0,1.2608695652173914,0.0
154,Romain Grosjean,10.0,0.0,0.0,0.0,-1.4364640883977902,1.0
155,Kamui Kobayashi,1.0,0.0,0.0,0.0,0.2631578947368421,1.0
156,Jonathan Palmer,0.0,0.0,0.0,0.0,4.6477272727272725,88.0
157,Christian Danner,0.0,0.0,0.0,0.0,-2.3617021276595747,47.0
158,Eddie Cheever,9.0,0.0,0.0,0.0,-1.4615384615384615,143.0
159,Luis Pérez-Sala,0.0,0.0,0.0,0.0,-0.875,32.0
160,Piercarlo Ghinzani,0.0,0.0,0.0,0.0,-6.585585585585585,111.0
161,Volker Weidler,0.0,0.0,0.0,0.0,-34.7,10.0
162,Pierre-Henri Raphanel,0.0,0.0,0.0,0.0,-31.647058823529413,17.0
163,René Arnoux,22.0,7.0,0.0,0.0,-4.012195121951219,164.0
164,Joachim Winkelhock,0.0,0.0,0.0,0.0,-36.57142857142857,7.0
165,Oscar Larrauri,0.0,0.0,0.0,0.0,-17.857142857142858,21.0
166,Philippe Streiff,1.0,0.0,0.0,0.0,4.481481481481482,54.0
167,Adrián Campos,0.0,0.0,0.0,0.0,-4.095238095238095,21.0
168,Jean-Louis Schlesser,0.0,0.0,0.0,0.0,-9.0,2.0
169,Pascal Fabre,0.0,0.0,0.0,0.0,7.75,12.0
170,Teo Fabi,2.0,0.0,0.0,0.0,-6.450704225352113,71.0
171,Franco Forini,0.0,0.0,0.0,0.0,6.5,2.0
172,Jacques Laffite,33.0,6.0,0.0,0.0,-0.8777777777777778,180.0
173,Elio de Angelis,9.0,2.0,0.0,0.0,-1.1,110.0
174,Johnny Dumfries,0.0,0.0,0.0,0.0,-1.8125,16.0
175,Patrick Tambay,11.0,2.0,0.0,0.0,-2.8114754098360657,122.0
176,Marc Surer,0.0,0.0,0.0,0.0,3.0568181818181817,88.0
177,Keke Rosberg,17.0,5.0,0.0,0.0,-4.3359375,128.0
178,Alan Jones,24.0,12.0,0.0,0.0,0.08547008547008547,117.0
179,Huub Rothengatter,0.0,0.0,0.0,0.0,5.535714285714286,28.0
180,Allen Berg,0.0,0.0,0.0,0.0,7.111111111111111,9.0
181,Manfred Winkelhock,0.0,0.0,0.0,0.0,-5.0,55.0
182,Niki Lauda,54.0,25.0,0.0,0.0,-2.5804597701149423,174.0
183,François Hesnault,0.0,0.0,0.0,0.0,-0.75,20.0
184,Mauro Baldi,0.0,0.0,0.0,0.0,0.5609756097560976,41.0
185,Stefan Bellof,0.0,0.0,0.0,0.0,5.545454545454546,22.0
186,Kenny Acheson,0.0,0.0,0.0,0.0,-16.88888888888889,9.0
187,John Watson,20.0,5.0,0.0,0.0,0.11688311688311688,154.0
188,Johnny Cecotto,0.0,0.0,0.0,0.0,-2.869565217391304,23.0
189,Jo Gartner,0.0,0.0,0.0,0.0,7.75,8.0
190,Corrado Fabi,0.0,0.0,0.0,0.0,-5.055555555555555,18.0
191,Mike Thackwell,0.0,0.0,0.0,0.0,-15.6,5.0
192,Chico Serra,0.0,0.0,0.0,0.0,-6.5,32.0
193,Danny Sullivan,0.0,0.0,0.0,0.0,5.866666666666666,15.0
194,Eliseo Salazar,0.0,0.0,0.0,0.0,-5.891891891891892,37.0
195,Roberto Guerrero,0.0,0.0,0.0,0.0,-6.448275862068965,29.0
196,Raul Boesel,0.0,0.0,0.0,0.0,-0.9333333333333333,30.0
197,Jean-Pierre Jarier,3.0,0.0,0.0,0.0,-0.6713286713286714,143.0
198,Jacques Villeneuve Sr.,0.0,0.0,0.0,0.0,-27.666666666666668,3.0
199,Carlos Reutemann,45.0,12.0,0.0,0.0,-2.8013698630136985,146.0
200,Jochen Mass,8.0,1.0,0.0,0.0,0.6052631578947368,114.0
201,Slim Borgudd,0.0,0.0,0.0,0.0,-2.466666666666667,15.0
202,Didier Pironi,13.0,3.0,0.0,0.0,-1.3472222222222223,72.0
203,Gilles Villeneuve,13.0,6.0,0.0,0.0,-3.2205882352941178,68.0
204,Riccardo Paletti,0.0,0.0,0.0,0.0,-18.5,8.0
205,Brian Henton,0.0,0.0,0.0,0.0,-9.432432432432432,37.0
206,Derek Daly,0.0,0.0,0.0,0.0,-3.171875,64.0
207,Mario Andretti,19.0,12.0,0.0,0.0,-4.015503875968992,129.0
208,Emilio de Villota,0.0,0.0,0.0,0.0,-23.071428571428573,14.0
209,Geoff Lees,0.0,0.0,0.0,0.0,-12.166666666666666,12.0
210,Tommy Byrne,0.0,0.0,0.0,0.0,-12.2,5.0
211,Rupert Keegan,0.0,0.0,0.0,0.0,-5.135135135135135,37.0
212,Hector Rebaque,0.0,0.0,0.0,0.0,-6.068965517241379,58.0
213,Beppe Gabbiani,0.0,0.0,0.0,0.0,-21.705882352941178,17.0
214,Kevin Cogan,0.0,0.0,0.0,0.0,-26.5,2.0
215,Miguel Ángel Guerra,0.0,0.0,0.0,0.0,-20.25,4.0
216,Siegfried Stohr,0.0,0.0,0.0,0.0,-6.076923076923077,13.0
217,Ricardo Zunino,0.0,0.0,0.0,0.0,1.7272727272727273,11.0
218,Ricardo Londoño,0.0,0.0,0.0,0.0,-30.0,1.0
219,Jean-Pierre Jabouille,2.0,2.0,0.0,0.0,-8.818181818181818,55.0
220,Giorgio Francia,0.0,0.0,0.0,0.0,-32.0,2.0
221,Patrick Depailler,19.0,2.0,0.0,0.0,-1.7894736842105263,95.0
222,Jody Scheckter,33.0,10.0,0.0,0.0,-1.407079646017699,113.0
223,Clay Regazzoni,28.0,5.0,0.0,0.0,-3.050724637681159,138.0
224,Emerson Fittipaldi,35.0,14.0,0.0,0.0,0.47651006711409394,149.0
225,Dave Kennedy,0.0,0.0,0.0,0.0,-26.142857142857142,7.0
226,Stephen South,0.0,0.0,0.0,0.0,-27.0,1.0
227,Tiff Needell,0.0,0.0,0.0,0.0,-11.5,2.0
228,Desiré Wilson,0.0,0.0,0.0,0.0,-27.0,1.0
229,Harald Ertl,0.0,0.0,0.0,0.0,-4.586206896551724,29.0
230,Vittorio Brambilla,1.0,1.0,0.0,0.0,-2.6025641025641026,78.0
231,James Hunt,23.0,10.0,0.0,0.0,-4.612903225806452,93.0
232,Arturo Merzario,0.0,0.0,0.0,0.0,-8.416666666666666,84.0
233,Hans-Joachim Stuck,2.0,0.0,0.0,0.0,-2.962962962962963,81.0
234,Gianfranco Brancatelli,0.0,0.0,0.0,0.0,-26.666666666666668,3.0
235,Jacky Ickx,25.0,8.0,0.0,0.0,-1.9917355371900827,121.0
236,Patrick Gaillard,0.0,0.0,0.0,0.0,-10.8,5.0
237,Alex Ribeiro,0.0,0.0,0.0,0.0,-8.95,20.0
238,Ronnie Peterson,26.0,10.0,0.0,0.0,-2.926829268292683,123.0
239,Brett Lunger,0.0,0.0,0.0,0.0,0.7619047619047619,42.0
240,Danny Ongais,0.0,0.0,0.0,0.0,-6.833333333333333,6.0
241,Lamberto Leoni,0.0,0.0,0.0,0.0,-17.6,5.0
242,Divina Galica,0.0,0.0,0.0,0.0,-27.666666666666668,3.0
243,Rolf Stommelen,1.0,0.0,0.0,0.0,0.6557377049180327,61.0
244,Alberto Colombo,0.0,0.0,0.0,0.0,-29.333333333333332,3.0
245,Tony Trimmer,0.0,0.0,0.0,0.0,-28.833333333333332,6.0
246,Hans Binder,0.0,0.0,0.0,0.0,2.066666666666667,15.0
247,Michael Bleekemolen,0.0,0.0,0.0,0.0,-22.2,5.0
248,Carlo Franchi,0.0,0.0,0.0,0.0,-28.0,1.0
249,Bobby Rahal,0.0,0.0,0.0,0.0,5.0,2.0
250,Carlos Pace,6.0,1.0,0.0,0.0,-2.5616438356164384,73.0
251,Ian Scheckter,0.0,0.0,0.0,0.0,-0.6,20.0
252,Tom Pryce,2.0,0.0,0.0,0.0,-0.3333333333333333,42.0
253,Ingo Hoffmann,0.0,0.0,0.0,0.0,-9.666666666666666,6.0
254,Renzo Zorzi,0.0,0.0,0.0,0.0,4.857142857142857,7.0
255,Gunnar Nilsson,4.0,1.0,0.0,0.0,-2.3125,32.0
256,Larry Perkins,0.0,0.0,0.0,0.0,-5.933333333333334,15.0
257,Boy Lunger,0.0,0.0,0.0,0.0,-12.571428571428571,7.0
258,Patrick Nève,0.0,0.0,0.0,0.0,1.3846153846153846,13.0
259,David Purley,0.0,0.0,0.0,0.0,-5.545454545454546,11.0
260,Conny Andersson,0.0,0.0,0.0,0.0,-25.4,5.0
261,Bernard de Dryver,0.0,0.0,0.0,0.0,-30.0,1.0
262,Jackie Oliver,2.0,0.0,0.0,0.0,-0.21568627450980393,51.0
263,Mikko Kozarowitzky,0.0,0.0,0.0,0.0,-33.5,2.0
264,Andy Sutcliffe,0.0,0.0,0.0,0.0,-32.0,1.0
265,Guy Edwards,0.0,0.0,0.0,0.0,-5.75,16.0
266,Brian McGuire,0.0,0.0,0.0,0.0,-35.0,1.0
267,Vern Schuppan,0.0,0.0,0.0,0.0,-1.5,12.0
268,Hans Heyer,0.0,0.0,0.0,0.0,1.0,1.0
269,Teddy Pilette,0.0,0.0,0.0,0.0,-20.75,4.0
270,Ian Ashley,0.0,0.0,0.0,0.0,-14.272727272727273,11.0
271,Loris Kessel,0.0,0.0,0.0,0.0,-10.666666666666666,6.0
272,Kunimitsu Takahashi,0.0,0.0,0.0,0.0,13.0,1.0
273,Kazuyoshi Hoshino,0.0,0.0,0.0,0.0,1.0,2.0
274,Noritake Takahara,0.0,0.0,0.0,0.0,6.0,2.0
275,Lella Lombardi,0.0,0.0,0.0,0.0,-1.588235294117647,17.0
276,Bob Evans,0.0,0.0,0.0,0.0,0.4166666666666667,12.0
277,Michel Leclère,0.0,0.0,0.0,0.0,4.5,8.0
278,Chris Amon,11.0,0.0,0.0,0.0,-3.688679245283019,106.0
279,Emilio Zapico,0.0,0.0,0.0,0.0,-27.0,1.0
280,Henri Pescarolo,1.0,0.0,0.0,0.0,2.1016949152542375,59.0
281,Jac Nelleman,0.0,0.0,0.0,0.0,-27.0,1.0
282,Damien Magee,0.0,0.0,0.0,0.0,-10.0,2.0
283,Mike Wilds,0.0,0.0,0.0,0.0,-16.875,8.0
284,Alessandro Pesenti-Rossi,0.0,0.0,0.0,0.0,0.0,4.0
285,Otto Stuppacher,0.0,0.0,0.0,0.0,-27.666666666666668,3.0
286,Warwick Brown,0.0,0.0,0.0,0.0,9.0,1.0
287,Masahiro Hasemi,0.0,0.0,0.0,0.0,-1.0,1.0
288,Mark Donohue,1.0,0.0,0.0,0.0,3.466666666666667,15.0
289,Graham Hill,36.0,14.0,0.0,0.0,-0.0335195530726257,179.0
290,Wilson Fittipaldi,0.0,0.0,0.0,0.0,0.18421052631578946,38.0
291,Guy Tunmer,0.0,0.0,0.0,0.0,14.0,1.0
292,Eddie Keizan,0.0,0.0,0.0,0.0,9.333333333333334,3.0
293,Dave Charlton,0.0,0.0,0.0,0.0,-6.153846153846154,13.0
294,Tony Brise,0.0,0.0,0.0,0.0,-0.1,10.0
295,Roelof Wunderink,0.0,0.0,0.0,0.0,-9.166666666666666,6.0
296,François Migault,0.0,0.0,0.0,0.0,3.2,15.0
297,Torsten Palm,0.0,0.0,0.0,0.0,-6.5,2.0
298,Gijs van Lennep,0.0,0.0,0.0,0.0,7.666666666666667,9.0
299,Hiroshi Fushida,0.0,0.0,0.0,0.0,-26.5,2.0
300,John Nicholson,0.0,0.0,0.0,0.0,-11.0,2.0
301,Dave Morgan,0.0,0.0,0.0,0.0,5.0,1.0
302,Jim Crawford,0.0,0.0,0.0,0.0,8.0,2.0
303,Jo Vonlanthen,0.0,0.0,0.0,0.0,6.0,1.0
304,Denny Hulme,33.0,8.0,0.0,0.0,-0.9553571428571429,112.0
305,Mike Hailwood,2.0,0.0,0.0,0.0,-1.2156862745098038,51.0
306,Jean-Pierre Beltoise,8.0,1.0,0.0,0.0,-0.3218390804597701,87.0
307,Howden Ganley,0.0,0.0,0.0,0.0,1.2564102564102564,39.0
308,Richard Robarts,0.0,0.0,0.0,0.0,-1.5,4.0
309,Peter Revson,8.0,2.0,0.0,0.0,-2.225806451612903,31.0
310,Paddy Driver,0.0,0.0,0.0,0.0,-10.0,2.0
311,Tom Belsø,0.0,0.0,0.0,0.0,-10.5,4.0
312,Brian Redman,1.0,0.0,0.0,0.0,1.0,13.0
313,Rikky von Opel,0.0,0.0,0.0,0.0,-1.1538461538461537,13.0
314,Tim Schenken,1.0,0.0,0.0,0.0,-0.8055555555555556,36.0
315,Gérard Larrousse,0.0,0.0,0.0,0.0,-22.0,2.0
316,Leo Kinnunen,0.0,0.0,0.0,0.0,-25.0,6.0
317,Reine Wisell,1.0,0.0,0.0,0.0,-0.8695652173913043,23.0
318,Bertil Roos,0.0,0.0,0.0,0.0,-2.0,1.0
319,José Dolhem,0.0,0.0,0.0,0.0,-16.333333333333332,3.0
320,Peter Gethin,1.0,1.0,0.0,0.0,0.7666666666666667,30.0
321,Derek Bell,0.0,0.0,0.0,0.0,-9.5,14.0
322,David Hobbs,0.0,0.0,0.0,0.0,8.714285714285714,7.0
323,Dieter Quester,0.0,0.0,0.0,0.0,16.0,1.0
324,Helmuth Koinigg,0.0,0.0,0.0,0.0,-6.333333333333333,3.0
325,Carlo Facetti,0.0,0.0,0.0,0.0,-27.0,1.0
326,Eppie Wietzes,0.0,0.0,0.0,0.0,2.0,2.0
327,François Cevert,13.0,1.0,0.0,0.0,-1.1914893617021276,47.0
328,Jackie Stewart,43.0,27.0,0.0,0.0,-2.91,100.0
329,Mike Beuttler,0.0,0.0,0.0,0.0,4.448275862068965,29.0
330,Nanni Galli,0.0,0.0,0.0,0.0,1.0,17.0
331,Luiz Bueno,0.0,0.0,0.0,0.0,8.0,1.0
332,George Follmer,1.0,0.0,0.0,0.0,4.166666666666667,12.0
333,Andrea de Adamich,0.0,0.0,0.0,0.0,-1.4166666666666667,36.0
334,Jackie Pretorius,0.0,0.0,0.0,0.0,-2.5,4.0
335,Roger Williamson,0.0,0.0,0.0,0.0,-2.5,2.0
336,Graham McRae,0.0,0.0,0.0,0.0,0.0,1.0
337,Helmut Marko,0.0,0.0,0.0,0.0,3.2222222222222223,9.0
338,David Walker,0.0,0.0,0.0,0.0,2.4545454545454546,11.0
339,Alex Soler-Roig,0.0,0.0,0.0,0.0,-7.222222222222222,9.0
340,John Love,1.0,0.0,0.0,0.0,1.3,10.0
341,John Surtees,24.0,6.0,0.0,0.0,-2.6785714285714284,112.0
342,Skip Barber,0.0,0.0,0.0,0.0,0.6666666666666666,6.0
343,Bill Brack,0.0,0.0,0.0,0.0,4.333333333333333,3.0
344,Sam Posey,0.0,0.0,0.0,0.0,1.0,2.0
345,Pedro Rodríguez,7.0,2.0,0.0,0.0,1.4259259259259258,54.0
346,Jo Siffert,6.0,2.0,0.0,0.0,-0.18,100.0
347,Jo Bonnier,1.0,1.0,0.0,0.0,-0.3211009174311927,109.0
348,François Mazet,0.0,0.0,0.0,0.0,10.0,1.0
349,Max Jean,0.0,0.0,0.0,0.0,8.0,1.0
350,Vic Elford,0.0,0.0,0.0,0.0,3.076923076923077,13.0
351,Silvio Moser,0.0,0.0,0.0,0.0,-5.166666666666667,18.0
352,George Eaton,0.0,0.0,0.0,0.0,-0.8461538461538461,13.0
353,Pete Lovely,0.0,0.0,0.0,0.0,-3.5454545454545454,11.0
354,Chris Craft,0.0,0.0,0.0,0.0,-11.5,2.0
355,John Cannon,0.0,0.0,0.0,0.0,10.0,1.0
356,Jack Brabham,31.0,14.0,0.0,0.0,-1.7984496124031009,129.0
357,John Miles,0.0,0.0,0.0,0.0,-4.866666666666666,15.0
358,Jochen Rindt,13.0,6.0,0.0,0.0,-3.7580645161290325,62.0
359,Johnny Servoz-Gavin,1.0,0.0,0.0,0.0,1.1666666666666667,12.0
360,Bruce McLaren,27.0,4.0,0.0,0.0,-0.46601941747572817,103.0
361,Piers Courage,2.0,0.0,0.0,0.0,0.5517241379310345,29.0
362,Peter de Klerk,0.0,0.0,0.0,0.0,6.25,4.0
363,Ignazio Giunti,0.0,0.0,0.0,0.0,-0.5,4.0
364,Dan Gurney,19.0,4.0,0.0,0.0,-3.0114942528735633,87.0
365,Hubert Hahne,0.0,0.0,0.0,0.0,-6.666666666666667,3.0
366,Gus Hutchison,0.0,0.0,0.0,0.0,1.0,1.0
367,Peter Westbury,0.0,0.0,0.0,0.0,-25.0,1.0
368,Sam Tingle,0.0,0.0,0.0,0.0,0.6666666666666666,6.0
369,Basil van Rooyen,0.0,0.0,0.0,0.0,-2.5,2.0
370,Richard Attwood,1.0,0.0,0.0,0.0,3.6470588235294117,17.0
371,Al Pease,0.0,0.0,0.0,0.0,1.5,2.0
372,John Cordts,0.0,0.0,0.0,0.0,2.0,1.0
373,Jim Clark,32.0,25.0,0.0,0.0,-3.493150684931507,73.0
374,Mike Spence,1.0,0.0,0.0,0.0,0.08333333333333333,36.0
375,Ludovico Scarfiotti,1.0,1.0,0.0,0.0,-3.4615384615384617,13.0
376,Lucien Bianchi,1.0,0.0,0.0,0.0,2.789473684210526,19.0
377,Jo Schlesser,0.0,0.0,0.0,0.0,-2.0,2.0
378,Robin Widdows,0.0,0.0,0.0,0.0,5.0,1.0
379,Kurt Ahrens,0.0,0.0,0.0,0.0,3.5,2.0
380,Frank Gardner,0.0,0.0,0.0,0.0,-2.3333333333333335,9.0
381,Bobby Unser,0.0,0.0,0.0,0.0,2.0,1.0
382,Moisés Solana,0.0,0.0,0.0,0.0,-2.5,8.0
383,Bob Anderson,1.0,0.0,0.0,0.0,2.0384615384615383,26.0
384,Luki Botha,0.0,0.0,0.0,0.0,9.0,1.0
385,Lorenzo Bandini,8.0,1.0,0.0,0.0,-1.7272727272727273,44.0
386,Richie Ginther,14.0,1.0,0.0,0.0,-0.6296296296296297,54.0
387,Mike Parkes,2.0,0.0,0.0,0.0,-7.0,7.0
388,Chris Irwin,0.0,0.0,0.0,0.0,2.2,10.0
389,Guy Ligier,0.0,0.0,0.0,0.0,4.923076923076923,13.0
390,Alan Rees,0.0,0.0,0.0,0.0,9.5,2.0
391,Brian Hart,0.0,0.0,0.0,0.0,11.0,1.0
392,Mike Fisher,0.0,0.0,0.0,0.0,-1.5,2.0
393,Tom Jones,0.0,0.0,0.0,0.0,-18.0,1.0
394,Giancarlo Baghetti,1.0,1.0,0.0,0.0,-1.5,26.0
395,Jonathan Williams,0.0,0.0,0.0,0.0,8.0,1.0
396,Bob Bondurant,0.0,0.0,0.0,0.0,3.2222222222222223,9.0
397,Peter Arundell,2.0,0.0,0.0,0.0,-2.3333333333333335,15.0
398,Vic Wilson,0.0,0.0,0.0,0.0,-8.5,2.0
399,John Taylor,0.0,0.0,0.0,0.0,7.8,5.0
400,Chris Lawrence,0.0,0.0,0.0,0.0,11.5,2.0
401,Trevor Taylor,1.0,0.0,0.0,0.0,-2.6551724137931036,29.0
402,Giacomo Russo,0.0,0.0,0.0,0.0,-3.0,3.0
403,Phil Hill,16.0,3.0,0.0,0.0,-0.9423076923076923,52.0
404,Innes Ireland,4.0,1.0,0.0,0.0,-2.8181818181818183,55.0
405,Ronnie Bucknum,0.0,0.0,0.0,0.0,0.09090909090909091,11.0
406,Paul Hawkins,0.0,0.0,0.0,0.0,4.666666666666667,3.0
407,David Prophet,0.0,0.0,0.0,0.0,1.5,2.0
408,Tony Maggs,3.0,0.0,0.0,0.0,2.074074074074074,27.0
409,Trevor Blokdyk,0.0,0.0,0.0,0.0,-7.0,2.0
410,Neville Lederle,0.0,0.0,0.0,0.0,-13.333333333333334,3.0
411,Doug Serrurier,0.0,0.0,0.0,0.0,-5.0,3.0
412,Brausch Niemann,0.0,0.0,0.0,0.0,-11.5,2.0
413,Ernie Pieterse,0.0,0.0,0.0,0.0,-9.666666666666666,3.0
414,Clive Puzey,0.0,0.0,0.0,0.0,-26.0,1.0
415,Ray Reed,0.0,0.0,0.0,0.0,-29.0,1.0
416,David Clapham,0.0,0.0,0.0,0.0,-30.0,1.0
417,Alex Blignaut,0.0,0.0,0.0,0.0,-31.0,1.0
418,Masten Gregory,3.0,0.0,0.0,0.0,-2.717391304347826,46.0
419,John Rhodes,0.0,0.0,0.0,0.0,5.0,1.0
420,Ian Raby,0.0,0.0,0.0,0.0,-10.857142857142858,7.0
421,Alan Rollinson,0.0,0.0,0.0,0.0,-22.0,1.0
422,Brian Gubby,0.0,0.0,0.0,0.0,-23.0,1.0
423,Gerhard Mitter,0.0,0.0,0.0,0.0,-2.2,5.0
424,Roberto Bussinello,0.0,0.0,0.0,0.0,-10.0,4.0
425,Nino Vaccarella,0.0,0.0,0.0,0.0,-2.4,5.0
426,Giorgio Bassi,0.0,0.0,0.0,0.0,-1.0,1.0
427,Maurice Trintignant,10.0,2.0,0.0,0.0,-0.05747126436781609,87.0
428,Bernard Collomb,0.0,0.0,0.0,0.0,-3.8333333333333335,6.0
429,André Pilette,0.0,0.0,0.0,0.0,-6.733333333333333,15.0
430,Carel Godin de Beaufort,0.0,0.0,0.0,0.0,2.7419354838709675,31.0
431,Edgar Barth,0.0,0.0,0.0,0.0,-6.142857142857143,7.0
432,Mário de Araújo Cabral,0.0,0.0,0.0,0.0,-0.6,5.0
433,Walt Hansgen,0.0,0.0,0.0,0.0,-9.25,4.0
434,Hap Sharp,0.0,0.0,0.0,0.0,5.5,6.0
435,Willy Mairesse,1.0,0.0,0.0,0.0,-3.4166666666666665,12.0
436,John Campbell-Jones,0.0,0.0,0.0,0.0,-11.8,5.0
437,Ian Burgess,0.0,0.0,0.0,0.0,-5.884615384615385,26.0
438,Tony Settember,0.0,0.0,0.0,0.0,-6.1,10.0
439,Nasif Estéfano,0.0,0.0,0.0,0.0,-19.0,5.0
440,Jim Hall,0.0,0.0,0.0,0.0,3.8333333333333335,12.0
441,Tim Parnell,0.0,0.0,0.0,0.0,-8.75,4.0
442,Kurt Kuhnke,0.0,0.0,0.0,0.0,-28.5,2.0
443,Ernesto Brambilla,0.0,0.0,0.0,0.0,-26.0,1.0
444,Roberto Lippi,0.0,0.0,0.0,0.0,-18.333333333333332,3.0
445,Günther Seiffert,0.0,0.0,0.0,0.0,-30.5,2.0
446,Carlo Abate,0.0,0.0,0.0,0.0,-26.5,2.0
447,Gaetano Starrabba,0.0,0.0,0.0,0.0,-9.0,2.0
448,Peter Broeker,0.0,0.0,0.0,0.0,14.0,1.0
449,Rodger Ward,2.0,1.0,0.0,0.0,-0.25,12.0
450,Ernie de Vos,0.0,0.0,0.0,0.0,-24.0,1.0
451,Frank Dochnal,0.0,0.0,0.0,0.0,-22.0,1.0
452,Thomas Monarch,0.0,0.0,0.0,0.0,-25.0,1.0
842,Pierre Gasly,4.0,1.0,0.0,0.0,-0.4225352112676056,5.0
453,Jackie Lewis,0.0,0.0,0.0,0.0,-2.090909090909091,11.0
454,Ricardo Rodríguez,0.0,0.0,0.0,0.0,-5.333333333333333,6.0
455,Wolfgang Seidel,0.0,0.0,0.0,0.0,-3.923076923076923,13.0
456,Roy Salvadori,2.0,0.0,0.0,0.0,-1.6274509803921569,51.0
457,Ben Pon,0.0,0.0,0.0,0.0,-10.0,1.0
458,Rob Slotemaker,0.0,0.0,0.0,0.0,-21.0,1.0
459,Tony Marsh,0.0,0.0,0.0,0.0,-10.666666666666666,9.0
460,Gerry Ashmore,0.0,0.0,0.0,0.0,-9.4,5.0
461,Heinz Schiller,0.0,0.0,0.0,0.0,-14.5,2.0
462,Colin Davis,0.0,0.0,0.0,0.0,-5.333333333333333,3.0
463,Jay Chamberlain,0.0,0.0,0.0,0.0,-17.666666666666668,3.0
464,Tony Shelly,0.0,0.0,0.0,0.0,-17.333333333333332,3.0
465,Keith Greene,0.0,0.0,0.0,0.0,-12.428571428571429,7.0
466,Heini Walter,0.0,0.0,0.0,0.0,0.0,1.0
467,Ernesto Prinoth,0.0,0.0,0.0,0.0,-32.0,2.0
468,Roger Penske,0.0,0.0,0.0,0.0,6.0,2.0
469,Rob Schroeder,0.0,0.0,0.0,0.0,7.0,1.0
470,Timmy Mayer,0.0,0.0,0.0,0.0,-4.0,1.0
471,Bruce Johnstone,0.0,0.0,0.0,0.0,8.0,1.0
472,Mike Harris,0.0,0.0,0.0,0.0,0.0,1.0
473,Gary Hocking,0.0,0.0,0.0,0.0,-18.0,1.0
474,Syd van der Vyver,0.0,0.0,0.0,0.0,-19.0,1.0
475,Stirling Moss,24.0,16.0,0.0,0.0,-3.8904109589041096,73.0
476,Wolfgang von Trips,6.0,2.0,0.0,0.0,-0.6785714285714286,28.0
477,Cliff Allison,1.0,0.0,0.0,0.0,1.0555555555555556,18.0
478,Hans Herrmann,1.0,0.0,0.0,0.0,-2.8,20.0
479,Tony Brooks,10.0,6.0,0.0,0.0,-4.7073170731707314,41.0
480,Michael May,0.0,0.0,0.0,0.0,-14.25,4.0
481,Henry Taylor,0.0,0.0,0.0,0.0,0.4,10.0
482,Olivier Gendebien,2.0,0.0,0.0,0.0,-4.764705882352941,17.0
483,Giorgio Scarlatti,0.0,0.0,0.0,0.0,-1.8666666666666667,15.0
484,Brian Naylor,0.0,0.0,0.0,0.0,-5.0,9.0
485,Juan Manuel Bordeu,0.0,0.0,0.0,0.0,-28.0,1.0
486,Jack Fairman,0.0,0.0,0.0,0.0,1.9230769230769231,13.0
487,Massimo Natili,0.0,0.0,0.0,0.0,-18.5,2.0
488,Peter Monteverdi,0.0,0.0,0.0,0.0,-30.0,1.0
489,Renato Pirocchi,0.0,0.0,0.0,0.0,-7.0,2.0
490,Geoff Duke,0.0,0.0,0.0,0.0,-32.0,1.0
491,Alfonso Thiele,0.0,0.0,0.0,0.0,-19.5,2.0
492,Menato Boffa,0.0,0.0,0.0,0.0,-38.0,1.0
493,Peter Ryan,0.0,0.0,0.0,0.0,4.0,1.0
494,Lloyd Ruby,0.0,0.0,0.0,0.0,5.0,2.0
495,Ken Miles,0.0,0.0,0.0,0.0,-20.0,1.0
496,Carlos Menditeguy,1.0,0.0,0.0,0.0,0.08333333333333333,12.0
497,Alberto Rodriguez Larreta,0.0,0.0,0.0,0.0,6.0,1.0
498,José Froilán González,15.0,2.0,0.0,0.0,-2.4827586206896552,29.0
499,Roberto Bonomi,0.0,0.0,0.0,0.0,6.0,1.0
500,Gino Munaron,0.0,0.0,0.0,0.0,3.5,4.0
501,Harry Schell,2.0,0.0,0.0,0.0,-0.640625,64.0
502,Alan Stacey,0.0,0.0,0.0,0.0,0.5714285714285714,7.0
503,Ettore Chimeri,0.0,0.0,0.0,0.0,1.0,1.0
504,Antonio Creus,0.0,0.0,0.0,0.0,1.0,1.0
505,Chris Bristow,0.0,0.0,0.0,0.0,-3.5,4.0
506,Bruce Halford,0.0,0.0,0.0,0.0,0.7777777777777778,9.0
507,Chuck Daigh,0.0,0.0,0.0,0.0,-4.833333333333333,6.0
508,Lance Reventlow,0.0,0.0,0.0,0.0,-17.25,4.0
509,Jim Rathmann,4.0,1.0,0.0,0.0,5.666666666666667,12.0
510,Paul Goldsmith,1.0,0.0,0.0,0.0,6.666666666666667,3.0
511,Don Branson,0.0,0.0,0.0,0.0,-5.0,2.0
512,Johnny Thomson,1.0,0.0,0.0,0.0,0.3333333333333333,9.0
513,Eddie Johnson,0.0,0.0,0.0,0.0,7.666666666666667,9.0
514,Bob Veith,0.0,0.0,0.0,0.0,2.6,5.0
515,Bud Tingelstad,0.0,0.0,0.0,0.0,19.0,1.0
516,Bob Christie,0.0,0.0,0.0,0.0,7.6,5.0
517,Red Amick,0.0,0.0,0.0,0.0,3.0,2.0
518,Duane Carter,1.0,0.0,0.0,0.0,3.5,10.0
519,Bill Homeier,0.0,0.0,0.0,0.0,1.6666666666666667,3.0
520,Gene Hartley,0.0,0.0,0.0,0.0,0.4444444444444444,9.0
521,Chuck Stevenson,0.0,0.0,0.0,0.0,-7.571428571428571,7.0
522,Bobby Grim,0.0,0.0,0.0,0.0,-8.0,2.0
523,Shorty Templeman,0.0,0.0,0.0,0.0,6.333333333333333,3.0
524,Jim Hurtubise,0.0,0.0,0.0,0.0,5.0,1.0
525,Jimmy Bryan,3.0,1.0,0.0,0.0,1.7777777777777777,9.0
526,Troy Ruttman,1.0,1.0,0.0,0.0,-8.333333333333334,9.0
527,Eddie Sachs,0.0,0.0,0.0,0.0,-15.0,4.0
528,Don Freeland,1.0,0.0,0.0,0.0,2.25,8.0
529,Tony Bettenhausen,1.0,0.0,0.0,0.0,-2.3076923076923075,13.0
530,Wayne Weiler,0.0,0.0,0.0,0.0,-9.0,1.0
531,Anthony Foyt,0.0,0.0,0.0,0.0,-2.0,3.0
532,Eddie Russo,0.0,0.0,0.0,0.0,-5.25,4.0
533,Johnny Boyd,1.0,0.0,0.0,0.0,-4.333333333333333,6.0
534,Gene Force,0.0,0.0,0.0,0.0,1.5,2.0
535,Jim McWithey,0.0,0.0,0.0,0.0,10.0,2.0
536,Len Sutton,0.0,0.0,0.0,0.0,-13.333333333333334,3.0
537,Dick Rathmann,0.0,0.0,0.0,0.0,-16.8,5.0
538,Al Herman,0.0,0.0,0.0,0.0,5.0,5.0
539,Dempsey Wilson,0.0,0.0,0.0,0.0,8.5,2.0
540,Mike Taylor,0.0,0.0,0.0,0.0,0.5,2.0
541,Ron Flockhart,1.0,0.0,0.0,0.0,-2.2666666666666666,15.0
542,David Piper,0.0,0.0,0.0,0.0,4.0,3.0
543,Giulio Cabianca,0.0,0.0,0.0,0.0,-1.75,4.0
544,Piero Drogo,0.0,0.0,0.0,0.0,7.0,1.0
545,Fred Gamble,0.0,0.0,0.0,0.0,4.0,1.0
546,Arthur Owen,0.0,0.0,0.0,0.0,-5.0,1.0
547,Horace Gould,0.0,0.0,0.0,0.0,-1.8333333333333333,18.0
548,Bob Drake,0.0,0.0,0.0,0.0,9.0,1.0
549,Ivor Bueb,0.0,0.0,0.0,0.0,1.5,6.0
550,Alain de Changy,0.0,0.0,0.0,0.0,-19.0,1.0
551,Maria de Filippis,0.0,0.0,0.0,0.0,-4.2,5.0
552,Jean Lucienbonnet,0.0,0.0,0.0,0.0,-23.0,1.0
553,André Testut,0.0,0.0,0.0,0.0,-23.5,2.0
554,Jean Behra,9.0,0.0,0.0,0.0,-2.56140350877193,57.0
555,Paul Russo,1.0,0.0,0.0,0.0,2.111111111111111,9.0
556,Jimmy Daywalt,0.0,0.0,0.0,0.0,-4.285714285714286,7.0
557,Chuck Arnold,0.0,0.0,0.0,0.0,6.0,1.0
558,Al Keller,0.0,0.0,0.0,0.0,2.0,5.0
559,Pat Flaherty,1.0,1.0,0.0,0.0,0.6666666666666666,6.0
560,Bill Cheesbourg,0.0,0.0,0.0,0.0,9.666666666666666,3.0
561,Ray Crawford,0.0,0.0,0.0,0.0,-1.0,3.0
562,Jack Turner,0.0,0.0,0.0,0.0,-5.25,4.0
563,Chuck Weyant,0.0,0.0,0.0,0.0,7.5,4.0
564,Jud Larson,0.0,0.0,0.0,0.0,0.5,2.0
565,Mike Magill,0.0,0.0,0.0,0.0,3.0,3.0
566,Carroll Shelby,0.0,0.0,0.0,0.0,1.2222222222222223,9.0
567,Fritz d'Orey,0.0,0.0,0.0,0.0,5.666666666666667,3.0
568,Azdrubal Fontes,0.0,0.0,0.0,0.0,-22.0,1.0
569,Peter Ashdown,0.0,0.0,0.0,0.0,11.0,1.0
570,Bill Moss,0.0,0.0,0.0,0.0,-26.0,1.0
571,Dennis Taylor,0.0,0.0,0.0,0.0,-28.0,1.0
572,Harry Blanchard,0.0,0.0,0.0,0.0,9.0,1.0
573,Alessandro de Tomaso,0.0,0.0,0.0,0.0,3.0,2.0
574,George Constantine,0.0,0.0,0.0,0.0,-1.0,1.0
575,Bob Said,0.0,0.0,0.0,0.0,-5.0,1.0
576,Phil Cade,0.0,0.0,0.0,0.0,-19.0,1.0
577,Luigi Musso,7.0,1.0,0.0,0.0,-0.7692307692307693,26.0
578,Mike Hawthorn,18.0,3.0,0.0,0.0,-1.3125,48.0
579,Juan Fangio,35.0,24.0,0.0,0.0,-2.310344827586207,58.0
580,Paco Godia,0.0,0.0,0.0,0.0,3.4285714285714284,14.0
581,Peter Collins,9.0,3.0,0.0,0.0,-2.6216216216216215,37.0
582,Ken Kavanagh,0.0,0.0,0.0,0.0,-18.0,1.0
583,Gerino Gerini,0.0,0.0,0.0,0.0,2.0,7.0
584,Bruce Kessler,0.0,0.0,0.0,0.0,-20.0,1.0
585,Paul Emery,0.0,0.0,0.0,0.0,-11.5,2.0
586,Luigi Piotti,0.0,0.0,0.0,0.0,-8.666666666666666,9.0
587,Bernie Ecclestone,0.0,0.0,0.0,0.0,-28.0,1.0
588,Luigi Taramazzo,0.0,0.0,0.0,0.0,-29.0,1.0
589,Louis Chiron,1.0,0.0,0.0,0.0,-0.7058823529411765,17.0
590,Stuart Lewis-Evans,2.0,0.0,0.0,0.0,-3.357142857142857,14.0
591,George Amick,1.0,0.0,0.0,0.0,23.0,1.0
592,Jimmy Reece,0.0,0.0,0.0,0.0,-2.5,6.0
593,Johnnie Parsons,1.0,1.0,0.0,0.0,-0.4,10.0
594,Johnnie Tolan,0.0,0.0,0.0,0.0,12.666666666666666,3.0
595,Billy Garrett,0.0,0.0,0.0,0.0,3.5,2.0
596,Ed Elisian,0.0,0.0,0.0,0.0,-9.0,5.0
597,Pat O'Connor,0.0,0.0,0.0,0.0,-8.8,5.0
598,Jerry Unser,0.0,0.0,0.0,0.0,-7.0,1.0
599,Art Bisch,0.0,0.0,0.0,0.0,-5.0,1.0
600,Christian Goethals,0.0,0.0,0.0,0.0,7.0,1.0
601,Dick Gibson,0.0,0.0,0.0,0.0,-1.5,2.0
602,Robert La Caze,0.0,0.0,0.0,0.0,9.0,1.0
603,André Guelfi,0.0,0.0,0.0,0.0,10.0,1.0
604,François Picard,0.0,0.0,0.0,0.0,6.0,1.0
605,Tom Bridger,0.0,0.0,0.0,0.0,3.0,1.0
606,Alfonso de Portago,1.0,0.0,0.0,0.0,-1.0,6.0
607,Cesare Perdisa,2.0,0.0,0.0,0.0,1.4444444444444444,9.0
608,Eugenio Castellotti,3.0,0.0,0.0,0.0,-4.647058823529412,17.0
609,André Simon,0.0,0.0,0.0,0.0,-1.25,12.0
610,Les Leston,0.0,0.0,0.0,0.0,-9.0,3.0
611,Sam Hanks,4.0,1.0,0.0,0.0,2.111111111111111,9.0
612,Andy Linden,0.0,0.0,0.0,0.0,-6.2727272727272725,11.0
613,Marshall Teague,0.0,0.0,0.0,0.0,3.0,4.0
614,Don Edmunds,0.0,0.0,0.0,0.0,8.0,1.0
615,Fred Agabashian,0.0,0.0,0.0,0.0,-11.625,8.0
616,Elmer George,0.0,0.0,0.0,0.0,-24.0,1.0
617,Mike MacDowel,0.0,0.0,0.0,0.0,8.0,1.0
618,Herbert MacKay-Fraser,0.0,0.0,0.0,0.0,1.0,1.0
619,Bob Gerard,0.0,0.0,0.0,0.0,6.857142857142857,7.0
620,Umberto Maglioli,2.0,0.0,0.0,0.0,1.9,10.0
621,Paul England,0.0,0.0,0.0,0.0,1.0,1.0
622,Chico Landi,0.0,0.0,0.0,0.0,4.166666666666667,6.0
623,Alberto Uria,0.0,0.0,0.0,0.0,7.0,2.0
624,Hernando da Silva Ramos,0.0,0.0,0.0,0.0,4.5,8.0
625,Élie Bayol,0.0,0.0,0.0,0.0,-2.2857142857142856,7.0
626,Robert Manzon,2.0,0.0,0.0,0.0,-2.7241379310344827,29.0
627,Louis Rosier,2.0,0.0,0.0,0.0,3.6666666666666665,39.0
628,Bob Sweikert,1.0,1.0,0.0,0.0,5.4,5.0
629,Cliff Griffith,0.0,0.0,0.0,0.0,3.3333333333333335,3.0
630,Duke Dinsmore,0.0,0.0,0.0,0.0,-2.0,4.0
631,Keith Andrews,0.0,0.0,0.0,0.0,1.0,2.0
632,Paul Frère,1.0,0.0,0.0,0.0,0.2727272727272727,11.0
633,Luigi Villoresi,8.0,0.0,0.0,0.0,-2.5428571428571427,35.0
634,Piero Scotti,0.0,0.0,0.0,0.0,-1.0,1.0
635,Colin Chapman,0.0,0.0,0.0,0.0,-15.0,1.0
636,Desmond Titterington,0.0,0.0,0.0,0.0,-3.0,1.0
637,Archie Scott Brown,0.0,0.0,0.0,0.0,-14.0,1.0
638,Ottorino Volonterio,0.0,0.0,0.0,0.0,9.0,3.0
639,André Milhoux,0.0,0.0,0.0,0.0,13.0,1.0
640,Toulo de Graffenried,0.0,0.0,0.0,0.0,0.08695652173913043,23.0
641,Piero Taruffi,5.0,1.0,0.0,0.0,-1.8333333333333333,18.0
642,Nino Farina,20.0,5.0,0.0,0.0,-2.6486486486486487,37.0
643,Roberto Mieres,0.0,0.0,0.0,0.0,3.0588235294117645,17.0
644,Sergio Mantovani,0.0,0.0,0.0,0.0,2.5555555555555554,9.0
645,Clemar Bucci,0.0,0.0,0.0,0.0,-1.2,5.0
646,Jesús Iglesias,0.0,0.0,0.0,0.0,7.0,1.0
647,Alberto Ascari,17.0,13.0,0.0,0.0,-3.861111111111111,36.0
648,Karl Kling,2.0,0.0,0.0,0.0,-1.5,12.0
649,Pablo Birger,0.0,0.0,0.0,0.0,-6.0,2.0
650,Jacques Pollet,0.0,0.0,0.0,0.0,3.8,5.0
651,Lance Macklin,0.0,0.0,0.0,0.0,-2.8666666666666667,15.0
652,Ted Whiteaway,0.0,0.0,0.0,0.0,-22.0,1.0
653,Jimmy Davies,1.0,0.0,0.0,0.0,9.333333333333334,6.0
654,Walt Faulkner,0.0,0.0,0.0,0.0,-3.0,5.0
655,Cal Niday,0.0,0.0,0.0,0.0,-1.3333333333333333,3.0
656,Art Cross,1.0,0.0,0.0,0.0,12.0,4.0
657,Bill Vukovich,2.0,2.0,0.0,0.0,-4.0,5.0
658,Jack McGrath,2.0,0.0,0.0,0.0,-7.166666666666667,6.0
659,Jerry Hoyt,0.0,0.0,0.0,0.0,-4.8,5.0
660,Johnny Claes,0.0,0.0,0.0,0.0,3.2,25.0
661,Peter Walker,0.0,0.0,0.0,0.0,-2.25,4.0
662,Mike Sparken,0.0,0.0,0.0,0.0,16.0,1.0
663,Ken Wharton,0.0,0.0,0.0,0.0,0.75,16.0
664,Kenneth McAlpine,0.0,0.0,0.0,0.0,-3.857142857142857,7.0
665,Leslie Marr,0.0,0.0,0.0,0.0,4.0,2.0
666,Tony Rolt,0.0,0.0,0.0,0.0,-5.666666666666667,3.0
667,John Fitch,0.0,0.0,0.0,0.0,4.5,2.0
668,Jean Lucas,0.0,0.0,0.0,0.0,3.0,1.0
669,Prince Bira,0.0,0.0,0.0,0.0,1.0526315789473684,19.0
670,Onofre Marimón,2.0,0.0,0.0,0.0,-3.3333333333333335,12.0
671,Roger Loyer,0.0,0.0,0.0,0.0,2.0,1.0
672,Jorge Daponte,0.0,0.0,0.0,0.0,5.5,2.0
673,Mike Nazaruk,1.0,0.0,0.0,0.0,5.333333333333333,3.0
674,Larry Crockett,0.0,0.0,0.0,0.0,16.0,1.0
675,Manny Ayulo,1.0,0.0,0.0,0.0,2.0,4.0
676,Frank Armi,0.0,0.0,0.0,0.0,14.0,1.0
677,Travis Webb,0.0,0.0,0.0,0.0,-0.25,4.0
678,Len Duncan,0.0,0.0,0.0,0.0,-5.0,1.0
679,Ernie McCoy,0.0,0.0,0.0,0.0,8.0,2.0
680,Jacques Swaters,0.0,0.0,0.0,0.0,5.0,7.0
681,Georges Berger,0.0,0.0,0.0,0.0,1.5,2.0
682,Don Beauman,0.0,0.0,0.0,0.0,6.0,1.0
683,Leslie Thorne,0.0,0.0,0.0,0.0,9.0,1.0
684,Bill Whitehouse,0.0,0.0,0.0,0.0,2.0,1.0
685,John Riseley-Prichard,0.0,0.0,0.0,0.0,-1.0,1.0
686,Reg Parnell,1.0,0.0,0.0,0.0,-0.5714285714285714,7.0
687,Peter Whitehead,1.0,0.0,0.0,0.0,-0.3333333333333333,12.0
688,Eric Brandon,0.0,0.0,0.0,0.0,2.6,5.0
689,Alan Brown,0.0,0.0,0.0,0.0,1.7777777777777777,9.0
690,Rodney Nuckey,0.0,0.0,0.0,0.0,3.0,2.0
691,Hermann Lang,0.0,0.0,0.0,0.0,3.5,2.0
692,Theo Helfrich,0.0,0.0,0.0,0.0,4.666666666666667,3.0
693,Fred Wacker,0.0,0.0,0.0,0.0,6.333333333333333,3.0
694,Giovanni de Riu,0.0,0.0,0.0,0.0,0.0,1.0
695,Oscar Gálvez,0.0,0.0,0.0,0.0,4.0,1.0
696,John Barber,0.0,0.0,0.0,0.0,8.0,1.0
697,Felice Bonetto,2.0,0.0,0.0,0.0,-0.29411764705882354,17.0
698,Adolfo Cruz,0.0,0.0,0.0,0.0,-3.0,1.0
699,Duke Nalon,0.0,0.0,0.0,0.0,-5.0,3.0
700,Carl Scarborough,0.0,0.0,0.0,0.0,2.0,2.0
701,Bill Holland,1.0,0.0,0.0,0.0,10.5,2.0
702,Bob Scott,0.0,0.0,0.0,0.0,-1.2,5.0
703,Arthur Legat,0.0,0.0,0.0,0.0,3.5,2.0
704,Yves Cabantous,0.0,0.0,0.0,0.0,0.46153846153846156,13.0
705,Tony Crook,0.0,0.0,0.0,0.0,1.0,2.0
706,Jimmy Stewart,0.0,0.0,0.0,0.0,4.0,1.0
707,Ian Stewart,0.0,0.0,0.0,0.0,-2.0,1.0
708,Duncan Hamilton,0.0,0.0,0.0,0.0,-2.6,5.0
709,Ernst Klodwig,0.0,0.0,0.0,0.0,17.0,2.0
710,Rudolf Krause,0.0,0.0,0.0,0.0,7.5,2.0
711,Oswald Karch,0.0,0.0,0.0,0.0,12.0,1.0
712,Willi Heeks,0.0,0.0,0.0,0.0,-5.0,2.0
713,Theo Fitzau,0.0,0.0,0.0,0.0,-6.0,1.0
714,Kurt Adolff,0.0,0.0,0.0,0.0,-1.0,1.0
715,Günther Bechem,0.0,0.0,0.0,0.0,6.5,2.0
716,Erwin Bauer,0.0,0.0,0.0,0.0,1.0,1.0
717,Hans von Stuck,0.0,0.0,0.0,0.0,-8.0,4.0
718,Ernst Loof,0.0,0.0,0.0,0.0,-3.0,1.0
719,Albert Scherrer,0.0,0.0,0.0,0.0,9.0,1.0
720,Max de Terra,0.0,0.0,0.0,0.0,5.5,2.0
721,Peter Hirt,0.0,0.0,0.0,0.0,1.4,5.0
722,Piero Carini,0.0,0.0,0.0,0.0,-2.3333333333333335,3.0
723,Rudi Fischer,2.0,0.0,0.0,0.0,1.1428571428571428,7.0
724,Toni Ulmen,0.0,0.0,0.0,0.0,2.0,2.0
725,George Abecassis,0.0,0.0,0.0,0.0,-2.0,2.0
726,George Connor,0.0,0.0,0.0,0.0,-2.3333333333333335,3.0
727,Jim Rigsby,0.0,0.0,0.0,0.0,14.0,1.0
728,Joe James,0.0,0.0,0.0,0.0,0.0,2.0
729,Bill Schindler,0.0,0.0,0.0,0.0,0.0,3.0
730,George Fonder,0.0,0.0,0.0,0.0,2.3333333333333335,3.0
731,Henry Banks,0.0,0.0,0.0,0.0,0.0,3.0
732,Johnny McDowell,0.0,0.0,0.0,0.0,7.0,3.0
733,Chet Miller,0.0,0.0,0.0,0.0,0.0,2.0
734,Bobby Ball,0.0,0.0,0.0,0.0,4.5,2.0
735,Charles de Tornaco,0.0,0.0,0.0,0.0,-5.333333333333333,3.0
736,Roger Laurent,0.0,0.0,0.0,0.0,9.5,2.0
737,Robert O'Brien,0.0,0.0,0.0,0.0,8.0,1.0
738,Tony Gaze,0.0,0.0,0.0,0.0,-7.75,4.0
739,Robin Montgomerie-Charrington,0.0,0.0,0.0,0.0,-1.0,1.0
740,Franco Comotti,0.0,0.0,0.0,0.0,5.0,2.0
741,Philippe Étancelin,0.0,0.0,0.0,0.0,0.75,12.0
742,Dennis Poore,0.0,0.0,0.0,0.0,5.5,2.0
743,Eric Thompson,0.0,0.0,0.0,0.0,4.0,1.0
744,Ken Downing,0.0,0.0,0.0,0.0,-2.0,2.0
745,Graham Whitehead,0.0,0.0,0.0,0.0,0.0,1.0
746,Gino Bianco,0.0,0.0,0.0,0.0,-0.5,4.0
747,David Murray,0.0,0.0,0.0,0.0,2.5,4.0
748,Eitel Cantoni,0.0,0.0,0.0,0.0,5.0,3.0
749,Bill Aston,0.0,0.0,0.0,0.0,-21.333333333333332,3.0
750,Adolf Brudes,0.0,0.0,0.0,0.0,3.0,1.0
751,Fritz Riess,0.0,0.0,0.0,0.0,5.0,1.0
752,Helmut Niedermayr,0.0,0.0,0.0,0.0,13.0,1.0
753,Hans Klenk,0.0,0.0,0.0,0.0,-3.0,1.0
754,Marcel Balsa,0.0,0.0,0.0,0.0,8.0,1.0
755,Rudolf Schoeller,0.0,0.0,0.0,0.0,3.0,1.0
756,Paul Pietsch,0.0,0.0,0.0,0.0,-8.333333333333334,3.0
757,Josef Peters,0.0,0.0,0.0,0.0,-8.0,1.0
758,Dries van der Lof,0.0,0.0,0.0,0.0,2.0,1.0
759,Jan Flinterman,0.0,0.0,0.0,0.0,2.5,2.0
760,Piero Dusio,0.0,0.0,0.0,0.0,-34.0,1.0
761,Alberto Crespo,0.0,0.0,0.0,0.0,-26.0,1.0
762,Franco Rol,0.0,0.0,0.0,0.0,-1.2,5.0
763,Consalvo Sanesi,0.0,0.0,0.0,0.0,-5.8,5.0
764,Guy Mairesse,0.0,0.0,0.0,0.0,5.666666666666667,3.0
765,Henri Louveau,0.0,0.0,0.0,0.0,-4.0,2.0
766,Lee Wallard,1.0,1.0,0.0,0.0,9.0,2.0
767,Carl Forberg,0.0,0.0,0.0,0.0,17.0,1.0
768,Mauri Rose,1.0,0.0,0.0,0.0,-4.5,2.0
769,Bill Mackey,0.0,0.0,0.0,0.0,14.0,1.0
770,Cecil Green,0.0,0.0,0.0,0.0,-2.0,2.0
771,Walt Brown,0.0,0.0,0.0,0.0,-6.0,2.0
772,Mack Hellings,0.0,0.0,0.0,0.0,2.5,2.0
773,Pierre Levegh,0.0,0.0,0.0,0.0,5.0,6.0
774,Eugène Chaboud,0.0,0.0,0.0,0.0,2.3333333333333335,3.0
775,Aldo Gordini,0.0,0.0,0.0,0.0,2.0,1.0
776,Joe Kelly,0.0,0.0,0.0,0.0,4.5,2.0
777,Philip Fotheringham-Parker,0.0,0.0,0.0,0.0,-1.0,1.0
778,Brian Shawe Taylor,0.0,0.0,0.0,0.0,7.0,2.0
779,John James,0.0,0.0,0.0,0.0,-3.0,1.0
780,Toni Branca,0.0,0.0,0.0,0.0,1.0,3.0
781,Ken Richardson,0.0,0.0,0.0,0.0,-12.0,1.0
782,Juan Jover,0.0,0.0,0.0,0.0,-2.0,1.0
783,Georges Grignard,0.0,0.0,0.0,0.0,0.0,1.0
784,David Hampshire,0.0,0.0,0.0,0.0,4.0,2.0
785,Geoff Crossley,0.0,0.0,0.0,0.0,2.0,2.0
786,Luigi Fagioli,6.0,1.0,0.0,0.0,-0.75,8.0
787,Cuth Harrison,0.0,0.0,0.0,0.0,5.666666666666667,3.0
788,Joe Fry,0.0,0.0,0.0,0.0,10.0,1.0
789,Eugène Martin,0.0,0.0,0.0,0.0,-8.5,2.0
790,Leslie Johnson,0.0,0.0,0.0,0.0,-9.0,1.0
791,Clemente Biondetti,0.0,0.0,0.0,0.0,7.0,1.0
792,Alfredo Pián,0.0,0.0,0.0,0.0,-3.0,1.0
793,Raymond Sommer,0.0,0.0,0.0,0.0,-1.4,5.0
794,Joie Chitwood,0.0,0.0,0.0,0.0,4.0,1.0
795,Myron Fohr,0.0,0.0,0.0,0.0,5.0,1.0
796,Walt Ader,0.0,0.0,0.0,0.0,7.0,1.0
797,Jackie Holmes,0.0,0.0,0.0,0.0,3.0,2.0
798,Bayliss Levrett,0.0,0.0,0.0,0.0,-10.0,1.0
799,Jimmy Jackson,0.0,0.0,0.0,0.0,-2.0,2.0
800,Nello Pagani,0.0,0.0,0.0,0.0,8.0,1.0
801,Charles Pozzi,0.0,0.0,0.0,0.0,9.0,1.0
802,Dorino Serafini,1.0,0.0,0.0,0.0,4.0,1.0
803,Bill Cantrell,0.0,0.0,0.0,0.0,-10.0,1.0
804,Johnny Mantz,0.0,0.0,0.0,0.0,-3.0,1.0
805,Danny Kladis,0.0,0.0,0.0,0.0,-1.0,1.0
806,Óscar González,0.0,0.0,0.0,0.0,7.0,1.0
807,Nico Hülkenberg,0.0,0.0,0.0,1.0,-1.4724770642201834,3.0
808,Vitaly Petrov,1.0,0.0,0.0,0.0,0.2413793103448276,1.0
810,Lucas di Grassi,0.0,0.0,0.0,0.0,2.736842105263158,0.0
811,Bruno Senna,0.0,0.0,0.0,0.0,1.2173913043478262,1.0
812,Karun Chandhok,0.0,0.0,0.0,0.0,4.818181818181818,0.0
813,Pastor Maldonado,1.0,1.0,0.0,0.0,-0.84375,0.0
814,Paul di Resta,0.0,0.0,0.0,0.0,0.2711864406779661,0.0
815,Sergio Pérez,39.0,6.0,0.0,3.0,0.17343173431734318,13.0
816,Jérôme d'Ambrosio,0.0,0.0,0.0,0.0,3.2,0.0
817,Daniel Ricciardo,32.0,8.0,0.0,3.0,-0.2589641434262948,18.0
818,Jean-Éric Vergne,0.0,0.0,0.0,0.0,0.08620689655172414,0.0
819,Charles Pic,0.0,0.0,0.0,0.0,2.5384615384615383,0.0
820,Max Chilton,0.0,0.0,0.0,0.0,2.4,0.0
821,Esteban Gutiérrez,0.0,0.0,0.0,0.0,0.2033898305084746,1.0
822,Valtteri Bottas,67.0,10.0,0.0,19.0,-1.1191489361702127,21.0
823,Giedo van der Garde,0.0,0.0,0.0,0.0,1.3157894736842106,0.0
824,Jules Bianchi,0.0,0.0,0.0,0.0,1.7058823529411764,0.0
825,Kevin Magnussen,1.0,0.0,0.0,1.0,-0.5568181818181818,3.0
826,Daniil Kvyat,3.0,0.0,0.0,0.0,-0.30357142857142855,1.0
827,André Lotterer,0.0,0.0,0.0,0.0,-1.0,0.0
828,Marcus Ericsson,0.0,0.0,0.0,0.0,1.9175257731958764,0.0
829,Will Stevens,0.0,0.0,0.0,0.0,0.15789473684210525,0.0
830,Max Verstappen,107.0,61.0,0.0,41.0,-0.817258883248731,34.0
831,Felipe Nasr,0.0,0.0,0.0,0.0,1.75,0.0
832,Carlos Sainz,23.0,3.0,0.0,4.0,-0.6275510204081632,6.0
833,Roberto Merhi,0.0,0.0,0.0,0.0,2.5384615384615383,0.0
834,Alexander Rossi,0.0,0.0,0.0,0.0,2.4,0.0
835,Jolyon Palmer,0.0,0.0,0.0,0.0,1.054054054054054,0.0
836,Pascal Wehrlein,0.0,0.0,0.0,0.0,1.2564102564102564,0.0
837,Rio Haryanto,0.0,0.0,0.0,0.0,1.1666666666666667,0.0
838,Stoffel Vandoorne,0.0,0.0,0.0,0.0,2.0,0.0
839,Esteban Ocon,3.0,1.0,0.0,0.0,0.21379310344827587,2.0
840,Lance Stroll,3.0,0.0,0.0,1.0,0.9551282051282052,2.0
841,Antonio Giovinazzi,0.0,0.0,0.0,0.0,0.5161290322580645,1.0
843,Brendon Hartley,0.0,0.0,0.0,0.0,0.24,0.0
844,Charles Leclerc,35.0,6.0,0.0,22.0,-1.4525547445255473,11.0
845,Sergey Sirotkin,0.0,0.0,0.0,0.0,0.7619047619047619,0.0
846,Lando Norris,20.0,1.0,0.0,2.0,-0.5948275862068966,9.0
847,George Russell,13.0,2.0,0.0,3.0,-0.6810344827586207,9.0
848,Alexander Albon,2.0,0.0,0.0,0.0,-0.3225806451612903,1.0
849,Nicholas Latifi,0.0,0.0,0.0,0.0,0.819672131147541,1.0
850,Pietro Fittipaldi,0.0,0.0,0.0,0.0,0.5,0.0
851,Jack Aitken,0.0,0.0,0.0,0.0,1.0,0.0
852,Yuki Tsunoda,0.0,0.0,0.0,0.0,-1.1282051282051282,3.0
853,Nikita Mazepin,0.0,0.0,0.0,0.0,0.6363636363636364,1.0
854,Mick Schumacher,0.0,0.0,0.0,0.0,-0.3181818181818182,1.0
855,Guanyu Zhou,0.0,0.0,0.0,0.0,0.10714285714285714,3.0
856,Nyck de Vries,0.0,0.0,0.0,0.0,-1.2727272727272727,0.0
857,Oscar Piastri,4.0,0.0,0.0,0.0,-0.8823529411764706,4.0
858,Logan Sargeant,0.0,0.0,0.0,0.0,0.06060606060606061,1.0
859,Liam Lawson,0.0,0.0,0.0,0.0,1.6,0.0
860,Oliver Bearman,0.0,0.0,0.0,0.0,4.0,0.0
